car_parts_name,car_parts_url,car_parts_parts_price
"Toyota Corolla Taiwan-NHI Front Bumper Xli, Gli, Altis 2008-2014",https://www.pakwheels.com/accessories-spare-parts/toyota-corolla-taiwan-nhi-front-bumper-xli-gli-altis-2008-2014-2154892,"PKR 12,500"
"Toyota Corolla Genuine Front Bumper Xli, Gli, Altis 2008-2014",https://www.pakwheels.com/accessories-spare-parts/toyota-corolla-genuine-front-bumper-xli-gli-altis-2008-2014-2154897,"PKR 9,500"
Genuine Moulding Front Bumper Left Side for KIA Sportage 2019 to 2024,https://www.pakwheels.com/accessories-spare-parts/genuine-moulding-front-bumper-left-side-for-kia-sportage-2019-to-2024-10021733,"PKR 29,273"
Genuine Rear Bumper Side Bracket Right Side For Kia Sportage 2019 to 2024,https://www.pakwheels.com/accessories-spare-parts/genuine-rear-bumper-side-bracket-right-side-for-kia-sportage-2019-to-2024-10006154,"PKR 4,725"
Genuine Rear Bumper Lower Cover Part for KIA Sorento 2021-2024,https://www.pakwheels.com/accessories-spare-parts/genuine-rear-bumper-lower-cover-part-for-kia-sorento-2021-2024-10006419,"PKR 80,165"
Genuine Rear Bumper Upper for KIA Sorento 2021-2024,https://www.pakwheels.com/accessories-spare-parts/genuine-rear-bumper-upper-for-kia-sorento-2021-2024-10006529,"PKR 81,300"
Genuine Rear Bumper for KIA Picanto 2019 - 2024,https://www.pakwheels.com/accessories-spare-parts/genuine-rear-bumper-for-kia-picanto-2019-2024-10007197,"PKR 20,367"
Genuine Rear Bumper Upper for KIA Sportage 2019 - 2024,https://www.pakwheels.com/accessories-spare-parts/genuine-rear-bumper-upper-for-kia-sportage-2019-2024-10007376,"PKR 54,165"
Genuine Rear Bumper Lower for KIA Sportage 2019 - 2024,https://www.pakwheels.com/accessories-spare-parts/genuine-rear-bumper-lower-for-kia-sportage-2019-2024-10007465,"PKR 50,728"
Sonata Spacer Front Set,https://www.pakwheels.com/accessories-spare-parts/sonata-spacer-front-set-9963274,"PKR 3,500"
Genuine Front Bar Absorber Bumper Energy for KIA Sportage 2019-2024,https://www.pakwheels.com/accessories-spare-parts/genuine-front-bar-absorber-bumper-energy-for-kia-sportage-2019-2024-9988378,"PKR 15,000"
Genuine Skid Plate for KIA Sorento 2021-2024,https://www.pakwheels.com/accessories-spare-parts/genuine-skid-plate-for-kia-sorento-2021-2024-9988913,"PKR 18,835"
"Toyota Corolla Genuine Rear Bumper Xli, Gli, Altis 2014-2016",https://www.pakwheels.com/accessories-spare-parts/toyota-corolla-genuine-rear-bumper-xli-gli-altis-2014-2016-2262246,"PKR 18,500"
Genuine Front Bumper Upper Cover for KIA Sportage AWD 2019 - 2024,https://www.pakwheels.com/accessories-spare-parts/genuine-front-bumper-upper-cover-for-kia-sportage-2019-2024-9908531,"PKR 30,469"
Genuine Front Bumper Upper Cover for KIA Sportage FWD 2019 - 2024,https://www.pakwheels.com/accessories-spare-parts/genuine-front-bumper-upper-cover-for-kia-sportage-fwd-2019-2024-9916047,"PKR 29,547"
Genuine Front Bumper Lower for KIA Sportage 2019 - 2024,https://www.pakwheels.com/accessories-spare-parts/genuine-front-bumper-lower-for-kia-sportage-2019-2024-9916097,"PKR 48,463"
Genuine Front Bumper Spacer Left Side for Kia Sportage 2019-2024,https://www.pakwheels.com/accessories-spare-parts/genuine-front-bumper-spacer-left-side-for-kia-sportage-2019-2024-9916807,"PKR 3,281"
Genuine Moulding Front Bumper Lower Right Side for Kia Sorento 2021 to 2024,https://www.pakwheels.com/accessories-spare-parts/genuine-moulding-front-bumper-lower-right-side-for-kia-sorento-2021-to-2024-9917371,"PKR 14,110"
Genuine Front Bumper for KIA Sorento 2021-2024,https://www.pakwheels.com/accessories-spare-parts/genuine-front-bumper-for-kia-sorento-2021-2024-9912915,"PKR 84,060"
Genuine Front Bumper for Kia Picanto 2019-2024,https://www.pakwheels.com/accessories-spare-parts/genuine-front-bumper-for-kia-picanto-2019-2024-9912653,"PKR 16,741"
"Genuine KIA Clips Pack of 10 for Fender Shield, Bonnet, Bumper Clips",https://www.pakwheels.com/accessories-spare-parts/genuine-kia-clips-pack-of-10-for-fender-shield-bonnet-bumper-clips-9911172,"PKR 1,790"
Honda City 2022-2024 Stiffener For Head Light - 1 Pcs,https://www.pakwheels.com/accessories-spare-parts/stefner-head-light-for-city-22-and-grace-9552132,"PKR 2,000"
Honda Civic 2012-2016 Rear Bumper Spacer - 2 Pcs,https://www.pakwheels.com/accessories-spare-parts/rear-bumper-spacer-for-civic-12-9517075,"PKR 3,000"
KIA Picanto 2019-2024 Genuine Fender Shield Clips Pack Of 10,https://www.pakwheels.com/accessories-spare-parts/kia-picanto-2019-2024-genuine-fender-shield-clips-pack-of-10-9830909,PKR 670
Toyota Corolla 2002-2008 Front Bumper Taiwan,https://www.pakwheels.com/accessories-spare-parts/toyota-corolla-2002-2008-front-bumper-taiwan-9742684,"PKR 10,000"
Suzuki Khyber 1988-1998 Genuine Front Bumper | Black,https://www.pakwheels.com/accessories-spare-parts/suzuki-khyber-1988-1998-genuine-front-bumper-black-9021386,"PKR 4,000"
Daihatsu Mira 2012-2016 Front Bumper | Thailand,https://www.pakwheels.com/accessories-spare-parts/daihatsu-mira-2012-2016-front-bumper-thailand-9105764,"PKR 17,500"
Honda Civic 2016-2022 Front Bumper For Lamp Cover - RH,https://www.pakwheels.com/accessories-spare-parts/honda-civic-2016-22-front-bumper-fog-cover-rh-9587044,"PKR 1,800"
Honda Civic 2016-2022 Front Bumper For Lamp Cover - LH,https://www.pakwheels.com/accessories-spare-parts/honda-civic-2016-22-front-bumper-fog-cover-lh-9587068,"PKR 1,800"
Honda Civic 2016-2022 Rear Bumper Cover - RH,https://www.pakwheels.com/accessories-spare-parts/honda-civic-2016-22-rear-bumper-cover-rh-9587185,"PKR 1,800"
Honda Civic 2016-2022 Rear Bumper Cover - LH,https://www.pakwheels.com/accessories-spare-parts/honda-civic-2016-22-rear-bumper-cover-lh-9587202,"PKR 1,800"
Toyota Revo 2017-2022 Rear Bumper Plate - RH,https://www.pakwheels.com/accessories-spare-parts/toyota-revo-2017-2022-bumper-plate-right-9565173,"PKR 3,500"
Toyota Revo 2017-2022 Rear Bumper Plate - LH,https://www.pakwheels.com/accessories-spare-parts/toyota-revo-2017-2022-bumper-plate-left-9565238,"PKR 3,500"
Honda Civic 2016-2022 Front Bumper Fog Lamp Cover Set,https://www.pakwheels.com/accessories-spare-parts/honda-civic-2016-22-front-bumper-fog-cover-rhandlh-set-9587094,"PKR 3,500"
Honda Civic 2016-2022 Rear Bumper Light Cover Set,https://www.pakwheels.com/accessories-spare-parts/honda-civic-2016-22-rear-bumper-cover-rhandlh-set-9587218,"PKR 3,500"
Honda Civic 2016-2022 AGP Front Bumper | Malaysia,https://www.pakwheels.com/accessories-spare-parts/honda-civic-2016-22-front-bumper-agp-malaysia-9587443,"PKR 11,200"
Honda Civic 2016-22 FPI Front Bumper | Thailand,https://www.pakwheels.com/accessories-spare-parts/honda-civic-2016-22-front-bumper-fpi-thailand-9587465,"PKR 8,100"
Toyota Revo 2WD Front Bumper Spacer - Right Side,https://www.pakwheels.com/accessories-spare-parts/front-bumper-spacer-for-toyota-revo-2wd-9578251,"PKR 4,000"
Hyundai Sonata 2021-2024 Front Bumper Spacer,https://www.pakwheels.com/accessories-spare-parts/front-bumper-spacer-for-hyundai-sonata-9512828,"PKR 6,500"
Suzuki Alto Works RS Style Front Complete Bumper,https://www.pakwheels.com/accessories-spare-parts/suzuki-alto-works-rs-style-front-complete-bumper-9519082,"PKR 21,500"
Daihatsu Mira 2013-2016 Rear Bumper,https://www.pakwheels.com/accessories-spare-parts/rear-bumper-for-mira-13-to-16-9487413,"PKR 18,000"
Suzuki Mehran Euro II Front and Rear Bumper 2 Pcs - Model 2012-2017 - Best Quality Bumpers Set | OEM,https://www.pakwheels.com/accessories-spare-parts/suzuki-mehran-euro-ii-front-and-rear-bumper-2-pcs-model-2012-2017-best-quality-bumpers-set-oem-9194536,"PKR 2,500"
Daihatsu Mira 2012-2016 Rear Bumper | Thailand,https://www.pakwheels.com/accessories-spare-parts/daihatsu-mira-2012-2016-rear-bumper-thailand-9105796,"PKR 12,500"
Suzuki Liana Bumper Rear SKI 2006-2014,https://www.pakwheels.com/accessories-spare-parts/suzuki-liana-bumper-rear-ski-2006-2014-9117933,"PKR 15,000"
Suzuki Alto Grey RS Conversion Bumpers Painted Works Front Back ABS Plastic Bumper Pair,https://www.pakwheels.com/accessories-spare-parts/suzuki-alto-grey-rs-conversion-bumpers-painted-works-front-back-abs-plastic-bumper-pair-8665806,"PKR 38,000"
Toyota Belta 2005-2012 Rear Bumper | Black,https://www.pakwheels.com/accessories-spare-parts/toyota-belta-2005-2012-rear-bumper-black-8791223,"PKR 13,000"
Toyota Belta 2005-2012 Front Bumper | Black,https://www.pakwheels.com/accessories-spare-parts/toyota-belta-2005-2012-front-bumper-black-8791218,"PKR 12,600"
Suzuki Alto White RS Conversion Bumpers Painted Works Front Back ABS Plastic Bumper Pair,https://www.pakwheels.com/accessories-spare-parts/suzuki-alto-white-rs-conversion-bumpers-painted-works-front-back-abs-plastic-bumper-pair-8665741,"PKR 38,000"
Honda Civic 2018-2021 AGP Rear Bumper | Black,https://www.pakwheels.com/accessories-spare-parts/honda-civic-2018-2021-agp-rear-bumper-black-8460583,"PKR 15,000"
Suzuki Cultus 2018-2023 AKD Front Bumper | Black,https://www.pakwheels.com/accessories-spare-parts/suzuki-cultus-2018-2023-akd-front-bumper-black-8456924,"PKR 6,000"
Toyota Revo 2017-2022 Rear Bumper Plate - RH,https://www.pakwheels.com/accessories-spare-parts/toyota-revo-2017-2022-bumper-plate-right-9565173,"PKR 3,500"
Toyota Revo 2017-2022 Rear Bumper Plate - LH,https://www.pakwheels.com/accessories-spare-parts/toyota-revo-2017-2022-bumper-plate-left-9565238,"PKR 3,500"
Suzuki Cultus 2018-2023 AKD Rear Bumper | Black,https://www.pakwheels.com/accessories-spare-parts/suzuki-cultus-2018-2023-akd-rear-bumper-black-8456951,"PKR 6,000"
Rear Bumper Toyota Prius 2003-2009 - 1500cc,https://www.pakwheels.com/accessories-spare-parts/rear-bumper-toyota-prius-2003-2009-1500cc-2452835,"PKR 14,500"
Toyota Vitz 2010 FPI Front Bumper | Black,https://www.pakwheels.com/accessories-spare-parts/toyota-vitz-2010-fpi-front-bumper-black-8461249,"PKR 16,000"
Toyota Vitz 2006 FPI Front Bumper | Black,https://www.pakwheels.com/accessories-spare-parts/toyota-vitz-2006-fpi-front-bumper-black-8461232,"PKR 15,000"
Honda City 2020-2022 Rear Bumper | Black,https://www.pakwheels.com/accessories-spare-parts/honda-city-2020-2022-rear-bumper-black-8461024,"PKR 15,000"
Honda City 2020-2022 Front Bumper | Black,https://www.pakwheels.com/accessories-spare-parts/honda-city-2020-2022-front-bumper-black-8460830,"PKR 15,000"
Honda City 2010-2017 AGP Rear Bumper | Black,https://www.pakwheels.com/accessories-spare-parts/honda-city-2010-2017-agp-rear-bumper-black-8460788,"PKR 14,000"
Honda City 2010-2017 AGP Front Bumper | Black,https://www.pakwheels.com/accessories-spare-parts/honda-city-2010-2017-agp-front-bumper-black-8460769,"PKR 14,000"
Honda City 2006-2009 AGP Rear Bumper | Black,https://www.pakwheels.com/accessories-spare-parts/honda-city-2006-2009-agp-rear-bumper-black-8460639,"PKR 12,500"
Honda City 2006-2009 AGP Front Bumper | Black,https://www.pakwheels.com/accessories-spare-parts/honda-city-2006-2009-agp-front-bumper-black-8460633,"PKR 12,500"
Honda City 2003-2006 AGP Rear Bumper | Black,https://www.pakwheels.com/accessories-spare-parts/honda-city-2003-2006-agp-rear-bumper-black-8460616,"PKR 12,500"
Honda City 2003-2006 AGP Front Bumper | Black,https://www.pakwheels.com/accessories-spare-parts/honda-city-2003-2006-agp-front-bumper-black-8460608,"PKR 12,500"
Honda Civic 2018-2021 AGP Front Bumper | Black,https://www.pakwheels.com/accessories-spare-parts/honda-civic-2018-2021-agp-front-bumper-black-8460549,"PKR 15,000"
Honda Civic 2012-2016 Rear Bumper | Black,https://www.pakwheels.com/accessories-spare-parts/honda-civic-2012-2016-rear-bumper-black-8460528,"PKR 14,000"
Honda Civic 2012-2016 Front Bumper | Black,https://www.pakwheels.com/accessories-spare-parts/honda-civic-2012-2016-front-bumper-black-8460519,"PKR 13,000"
Honda Civic 2006-2012 FPI Rear Bumper | Black,https://www.pakwheels.com/accessories-spare-parts/honda-civic-2006-2012-fpi-rear-bumper-black-8460505,"PKR 12,000"
Honda Civic 2006-2012 FPI Front Bumper | Black,https://www.pakwheels.com/accessories-spare-parts/honda-civic-2006-2012-fpi-front-bumper-black-8460474,"PKR 12,500"
Honda Civic 2002-2004 NHI Rear Bumper | Black,https://www.pakwheels.com/accessories-spare-parts/honda-civic-2002-2004-nhi-rear-bumper-black-8460419,"PKR 14,000"
Honda Civic 2004-2006 NHI Rear Bumper | Black,https://www.pakwheels.com/accessories-spare-parts/honda-civic-2004-2006-nhi-rear-bumper-black-8460406,"PKR 15,000"
Honda Civic 2004-2006 OTN Front Bumper | Black,https://www.pakwheels.com/accessories-spare-parts/honda-civic-2004-2006-otn-front-bumper-black-8460360,"PKR 14,000"
Honda Civic 2002-2004 NHI Front Bumper | Black,https://www.pakwheels.com/accessories-spare-parts/honda-civic-2002-2004-nhi-front-bumper-black-8460352,"PKR 13,000"
Toyota Corolla X 2021-2023 FPI Rear Bumper | Black,https://www.pakwheels.com/accessories-spare-parts/toyota-corolla-x-2021-2023-fpi-rear-bumper-black-8460324,"PKR 12,500"
Toyota Corolla X 2021-2023 FPI Front Bumper | Black,https://www.pakwheels.com/accessories-spare-parts/toyota-corolla-x-2021-2023-fpi-front-bumper-black-8460270,"PKR 12,500"
Toyota Corolla 2015-2020 AKID Rear Bumper | Black,https://www.pakwheels.com/accessories-spare-parts/toyota-corolla-2015-2020-akid-rear-bumper-black-8460241,"PKR 9,000"
Toyota Corolla 2015-2020 AKID Front Bumper | Black,https://www.pakwheels.com/accessories-spare-parts/toyota-corolla-2015-2020-akid-front-bumper-black-8460229,"PKR 9,000"
Daihatsu Mira 2012-2016 Front Bumper | Thailand,https://www.pakwheels.com/accessories-spare-parts/daihatsu-mira-2012-2016-front-bumper-thailand-9105764,"PKR 17,500"
Daihatsu Mira 2012-2016 Rear Bumper | Thailand,https://www.pakwheels.com/accessories-spare-parts/daihatsu-mira-2012-2016-rear-bumper-thailand-9105796,"PKR 12,500"
Toyota Corolla 2012-2014 AKID Rear Bumper | Black,https://www.pakwheels.com/accessories-spare-parts/toyota-corolla-2012-2014-akid-rear-bumper-black-8460179,"PKR 8,500"
Toyota Corolla 2012-2014 AKID Front Bumper | Black,https://www.pakwheels.com/accessories-spare-parts/toyota-corolla-2012-2014-akid-front-bumper-black-8460170,"PKR 8,000"
Toyota Corolla 2009-2010 AKID Rear Bumper | Black,https://www.pakwheels.com/accessories-spare-parts/toyota-corolla-2009-2010-akid-rear-bumper-black-8460145,"PKR 9,500"
Toyota Corolla 2009-2010 AKID Front Bumper | Black,https://www.pakwheels.com/accessories-spare-parts/toyota-corolla-2009-2010-akid-front-bumper-black-8460139,"PKR 9,000"
Toyota Corolla 2002-2006 AKID Rear Bumper | Black,https://www.pakwheels.com/accessories-spare-parts/toyota-corolla-2002-2006-akid-rear-bumper-black-8460104,"PKR 8,000"
Toyota Corolla 2002-2006 AKID Front Bumper | Black,https://www.pakwheels.com/accessories-spare-parts/toyota-corolla-2002-2006-akid-front-bumper-black-8460095,"PKR 7,000"
Toyota Corolla 1994-2002 FPI Rear Bumper | Black,https://www.pakwheels.com/accessories-spare-parts/toyota-corolla-1994-2002-fpi-rear-bumper-black-8460079,"PKR 9,000"
Toyota Corolla 1994-2002 FPI Front Bumper | Black,https://www.pakwheels.com/accessories-spare-parts/toyota-corolla-1994-2002-fpi-front-bumper-black-8460069,"PKR 9,000"
Suzuki Liana 2006-2014 SKI Rear Bumper | Black,https://www.pakwheels.com/accessories-spare-parts/suzuki-liana-2006-2014-ski-rear-bumper-black-8460056,"PKR 9,000"
Suzuki Liana 2006-2014 SKI Front Bumper | Black,https://www.pakwheels.com/accessories-spare-parts/suzuki-liana-2006-2014-ski-front-bumper-black-8460052,"PKR 9,000"
Suzuki Wagon R 2017-2023 AKD Rear Bumper | Black,https://www.pakwheels.com/accessories-spare-parts/suzuki-wagon-r-2017-2023-akd-rear-bumper-black-8456983,"PKR 6,000"
Suzuki Wagon R 2017-2023 AKD Front Bumper | Black,https://www.pakwheels.com/accessories-spare-parts/suzuki-wagon-r-2017-2023-akd-front-bumper-black-8456965,"PKR 6,000"
Suzuki Cultus 2006-2016 AKD Rear Bumper | Black,https://www.pakwheels.com/accessories-spare-parts/suzuki-cultus-2006-2016-akd-rear-bumper-black-8456872,"PKR 4,000"
Suzuki Cultus 2006-2016 AKD Front Bumper | Black,https://www.pakwheels.com/accessories-spare-parts/suzuki-cultus-2006-2016-akd-front-bumper-black-8456826,"PKR 4,000"
Suzuki Alto 2019-2023 AKD Rear Bumper | Black,https://www.pakwheels.com/accessories-spare-parts/suzuki-alto-2019-2023-akd-rear-bumper-black-8456815,"PKR 5,500"
Suzuki Alto 2019-2023 AKD Front Bumper | Black,https://www.pakwheels.com/accessories-spare-parts/suzuki-alto-2019-2023-akd-front-bumper-black-8456807,"PKR 5,500"
Suzuki Alto VXR 2008 AKD Rear Bumper | Black,https://www.pakwheels.com/accessories-spare-parts/suzuki-alto-vxr-2008-akd-rear-bumper-black-8456796,"PKR 4,000"
Suzuki Alto VXR 2008 AKD Front Bumper | Black,https://www.pakwheels.com/accessories-spare-parts/suzuki-alto-vxr-2008-akd-front-bumper-black-8456790,"PKR 4,000"
Suzuki Alto RA 2005 AKD Rear Bumper | Black,https://www.pakwheels.com/accessories-spare-parts/suzuki-alto-ra-2005-akd-rear-bumper-black-8456780,"PKR 4,000"
Suzuki Alto RA 2005 AKD Front Bumper | Black,https://www.pakwheels.com/accessories-spare-parts/suzuki-alto-ra-2005-akd-front-bumper-black-8456763,"PKR 4,000"
Suzuki Mehran 2012-2019 AKD Rear Bumper | Black,https://www.pakwheels.com/accessories-spare-parts/suzuki-mehran-2012-2019-akd-rear-bumper-black-8456749,"PKR 2,600"
Suzuki Mehran 2012-2019 AKD Front Bumper | Black,https://www.pakwheels.com/accessories-spare-parts/suzuki-mehran-2012-2019-akd-front-bumper-black-8456733,"PKR 2,600"
Toyota Vitz Front Bumper For 2010-2012,https://www.pakwheels.com/accessories-spare-parts/toyota-vitz-front-bumper-for-2010-2012-3293314,"PKR 12,500"
Genuine Rear Bumper For Faw v2 2013-2019,https://www.pakwheels.com/accessories-spare-parts/genuine-rear-bumper-for-faw-v2-2013-2019-3856205,"PKR 17,333"
Toyota Vitz Rear Bumper 2005-2011,https://www.pakwheels.com/accessories-spare-parts/toyota-vitz-rear-bumper-2005-2011-2452811,"PKR 13,400"
Hyundai Sonata 2021-2024 Front Bumper Spacer,https://www.pakwheels.com/accessories-spare-parts/front-bumper-spacer-for-hyundai-sonata-9512828,"PKR 6,500
PKR 6,180"
Suzuki Liana Bumper Rear SKI 2006-2014,https://www.pakwheels.com/accessories-spare-parts/suzuki-liana-bumper-rear-ski-2006-2014-9117933,"PKR 15,000"
Daihatsu Cuore Rear Bumper Taiwan,https://www.pakwheels.com/accessories-spare-parts/daihatsu-cuore-rear-bumper-taiwan-3032066,"PKR 4,350"
Toyota Belta 2005-2012 Rear Bumper Taiwan,https://www.pakwheels.com/accessories-spare-parts/toyota-belta-2005-2012-rear-bumper-taiwan-2957806,"PKR 12,000"
"Toyota Corolla Genuine Front Bumper Xli, Gli, Altis 2014-2017",https://www.pakwheels.com/accessories-spare-parts/toyota-corolla-genuine-front-bumper-xli-gli-altis-2014-2017-2262243,"PKR 20,000"
Front bumper Toyota Vitz -2012,https://www.pakwheels.com/accessories-spare-parts/front-bumper-toyota-vitz-2012-2557293,"PKR 15,000"
Honda City 2008-2010 Front Bumper NHI,https://www.pakwheels.com/accessories-spare-parts/honda-city-2008-2010-front-bumper-nhi-2431640,"PKR 10,000"
"Toyota Corolla Taiwan-NHI Rear Bumper Xli, Gli, Altis 2009-2012",https://www.pakwheels.com/accessories-spare-parts/toyota-corolla-taiwan-nhi-rear-bumper-xli-gli-altis-2009-2012-2156998,"PKR 10,250"
"Toyota Corolla Local Front Bumper Xli, Gli, Altis 2002-2008",https://www.pakwheels.com/accessories-spare-parts/toyota-corolla-local-front-bumper-xli-gli-altis-2002-2008-2148533,"PKR 3,500"
Civic Si bumper with Grille,https://www.pakwheels.com/accessories-spare-parts/civic-si-bumper-with-grille-10043693,"PKR 35,000"
Revo Back Hammer Bumper,https://www.pakwheels.com/accessories-spare-parts/revo-back-hammer-bumper-10041555,"PKR 38,000"
Toyota Gli back bumper,https://www.pakwheels.com/accessories-spare-parts/toyota-gli-back-bumper-10040049,"PKR 9,500"
Toyota Vitz 2008-2010 Front Bumper - Shah Nafees Traders,https://www.pakwheels.com/accessories-spare-parts/toyota-vitz-2008-2010-front-bumper-shah-nafees-traders-9656046,"PKR 27,000"
bumpers,https://www.pakwheels.com/accessories-spare-parts/bumpers-10029569,PKR 1.3 lacs
Toyota belta geniune front bumper with front grill and lamps,https://www.pakwheels.com/accessories-spare-parts/toyota-belta-geniune-front-bumper-with-front-grill-and-lamps-10022352,"PKR 12,000"
Toyota Passo 2017,https://www.pakwheels.com/accessories-spare-parts/toyota-passo-2017-10016183,"PKR 15,000"
Toyota Raize Body Kit,https://www.pakwheels.com/accessories-spare-parts/toyota-raize-body-kit-10015032,"PKR 95,000"
Hilux Revo rear bumper (2017-2021),https://www.pakwheels.com/accessories-spare-parts/hilux-revo-rear-bumper-2017-2021-9811938,"PKR 35,000"
Toyota Raize Daihatsu Rocky Air Bage Bumper,https://www.pakwheels.com/accessories-spare-parts/toyota-raize-daihatsu-rocky-air-bage-bumper-8785937,"PKR 85,000"
"Toyota Hilux,Tiger bumpers , Hilux 90 and 2000 model bumper",https://www.pakwheels.com/accessories-spare-parts/toyota-hiluxtiger-bumpers-hilux-90-and-2000-model-bumper-9831816,"PKR 12,000"
Cultus 2011 Model front bumper grey color,https://www.pakwheels.com/accessories-spare-parts/cultus-2011-model-front-bumper-grey-color-10013760,"PKR 7,000"
Probox and succed parts,https://www.pakwheels.com/accessories-spare-parts/probox-and-succed-parts-10013033,"PKR 5,500"
probox and succed all japani parts available con 03255054185,https://www.pakwheels.com/accessories-spare-parts/probox-and-succed-all-japani-parts-available-con-03255054185-10012242,"PKR 20,000"
Sports style civic bumber / Tesla Screen / Neon Led Lights,https://www.pakwheels.com/accessories-spare-parts/sports-style-civic-bumber-10010216,PKR 1.85 lacs
Nissan Kicks Genuine Bumper (Pearl White),https://www.pakwheels.com/accessories-spare-parts/nissan-kicks-genuine-bumper-pearl-white-10008145,"PKR 50,000"
Oshan X7 Haval H6 Glory Bonet Nose Cut Bumper Fender Engine Sheild Door Headlight Blaster Air Bag AC,https://www.pakwheels.com/accessories-spare-parts/oshan-x7-haval-h6-glory-bonet-nose-cut-bumper-fender-engine-sheild-door-headlight-blaster-air-bag-ac-9845524,"PKR 12,000"
Mehran Bumpers,https://www.pakwheels.com/accessories-spare-parts/mehran-bumpers-10002983,"PKR 5,000"
Suzuki Mehran 2012-2019 AKD Rear Bumper | Black,https://www.pakwheels.com/accessories-spare-parts/suzuki-mehran-2012-2019-akd-rear-bumper-black-8456749,"PKR 2,600"
Suzuki Alto RA 2005 AKD Front Bumper | Black,https://www.pakwheels.com/accessories-spare-parts/suzuki-alto-ra-2005-akd-front-bumper-black-8456763,"PKR 4,000"
mitsubishi Ek x front bumper,https://www.pakwheels.com/accessories-spare-parts/mitsubishi-ek-x-front-bumper-7901769,"PKR 45,000"
Hyundai Tucson Sonata Elantra Bonet Fender Wiper Machine Door Bumper Headlight Sheild Radiator Digi.,https://www.pakwheels.com/accessories-spare-parts/hyundai-tucson-sonata-elantra-bonet-fender-wiper-machine-door-bumper-headlight-sheild-radiator-digi-9984209,"PKR 40,000"
suzuki bolan jhangla porri,https://www.pakwheels.com/accessories-spare-parts/suzuki-bolan-jhangla-porri-9973088,"PKR 3,000"
Toyota Corolla bumpers 2019 model attitude black,https://www.pakwheels.com/accessories-spare-parts/toyota-corolla-bumpers-2019-model-attitude-black-9972280,"PKR 25,000"
Toyota Grande Genuine bumper for sale,https://www.pakwheels.com/accessories-spare-parts/toyota-grande-genuine-bumper-for-sale-9971436,"PKR 40,000"
Toyota corolla GLI 2021 Bumpers in original paint,https://www.pakwheels.com/accessories-spare-parts/toyota-corolla-gli-2021-bumpers-in-original-paint-9521191,PKR 1 lacs
"toyota corolla grande,gli front and back bumper",https://www.pakwheels.com/accessories-spare-parts/toyota-corolla-grandegli-front-and-back-bumper-9652336,"PKR 30,000"
Honda city 2005,https://www.pakwheels.com/accessories-spare-parts/honda-city-2005-japan-full-option-ka-back-bumper-geniun-9431665,"PKR 7,000"
Toyota Altis 20 model new original bummer available for sale,https://www.pakwheels.com/accessories-spare-parts/toyota-altis-20-model-new-original-bummer-available-for-sale-9958051,"PKR 40,000"
honda vezel 2015 complete front bumper,https://www.pakwheels.com/accessories-spare-parts/honda-vezel-2015-complete-facelift-9588482,"PKR 45,000"
COROLLA X BUMPER NEW,https://www.pakwheels.com/accessories-spare-parts/corolla-x-bumper-new-9950644,"PKR 32,000"
"Toyota parado 2010/2011 front grill,back door garnish,front bumper",https://www.pakwheels.com/accessories-spare-parts/toyota-parado-2010-2011-front-grillback-door-garnishfront-bumper-9948320,"PKR 15,000"
Prius Alpha Bumper Ishare,https://www.pakwheels.com/accessories-spare-parts/prius-alpha-bumper-ishare-9947458,"PKR 15,000"
Daihatsu rocky Front bumper lower lip,https://www.pakwheels.com/accessories-spare-parts/daihatsu-rocky-front-bumper-lower-lip-8451435,"PKR 27,500"
Daihatsu rocky/raize front left OEM parking sensor,https://www.pakwheels.com/accessories-spare-parts/daihatsu-rocky-raize-front-left-oem-parking-sensor-8458946,"PKR 22,000"
Honda Life Front Bumper 2008,https://www.pakwheels.com/accessories-spare-parts/honda-life-front-bumper-2008-9810599,"PKR 25,000"
Chand Alto Front Bumper,https://www.pakwheels.com/accessories-spare-parts/chand-alto-front-bumper-9810629,"PKR 22,000"
Honda Zest Front Bumper,https://www.pakwheels.com/accessories-spare-parts/honda-zest-front-bumper-9810726,"PKR 27,000"
Toyota Corolla Altis 2017-20 bumpers,https://www.pakwheels.com/accessories-spare-parts/toyota-corolla-altis-2017-20-bumpers-9941490,"PKR 20,000"
Corolla 2009-2014 lexus es front bumper,https://www.pakwheels.com/accessories-spare-parts/corolla-2009-2014-lexus-es-front-bumper-9076086,"PKR 67,000"
Civic fc450 bodykit,https://www.pakwheels.com/accessories-spare-parts/civic-fc450-bodykit-9508466,"PKR 85,000"
hammer bumper,https://www.pakwheels.com/accessories-spare-parts/hammer-bumper-9938060,"PKR 40,000"
Mazda RX7 1991 2002 Front Bumper Forsale,https://www.pakwheels.com/accessories-spare-parts/mazda-rx7-1991-2002-front-bumper-forsale-7810131,"PKR 35,000"
fortuner genuine bumpers and lights,https://www.pakwheels.com/accessories-spare-parts/fortuner-genuine-bumpers-and-lights-9930999,PKR 3.8 lacs
Honda Vezel 2012-2017 Front,https://www.pakwheels.com/accessories-spare-parts/honda-vezel-2012-2017-front-9607054,"PKR 70,000"
Suzuki Alto RA 2005 AKD Rear Bumper | Black,https://www.pakwheels.com/accessories-spare-parts/suzuki-alto-ra-2005-akd-rear-bumper-black-8456780,"PKR 4,000"
Suzuki Alto VXR 2008 AKD Front Bumper | Black,https://www.pakwheels.com/accessories-spare-parts/suzuki-alto-vxr-2008-akd-front-bumper-black-8456790,"PKR 4,000"
Corolla Altis Grande Genuion Bumpers,https://www.pakwheels.com/accessories-spare-parts/corolla-altis-grande-genuion-bumpers-9929323,"PKR 30,000"
sonata bumper front,https://www.pakwheels.com/accessories-spare-parts/sonata-bumper-front-9908257,PKR 1 lacs
Toyota passo frent bumper 2012,https://www.pakwheels.com/accessories-spare-parts/toyota-passo-frent-bumper-2012-7696418,"PKR 17,000"
Toyota Corolla Altis 2018 front and back white bumpers,https://www.pakwheels.com/accessories-spare-parts/toyota-corolla-altis-2018-front-and-back-white-bumpers-9913683,"PKR 20,000"
Toyota Corolla Altis 2019 model bumpers front and back,https://www.pakwheels.com/accessories-spare-parts/toyota-corolla-altis-2019-model-bumpers-front-and-back-9910605,"PKR 23,000"
sonata bumper front,https://www.pakwheels.com/accessories-spare-parts/sonata-bumper-front-9910201,PKR 1.15 lacs
Toyota yaris ativ facelift bumper,https://www.pakwheels.com/accessories-spare-parts/toyota-yaris-ativ-facelift-bumper-9909238,"PKR 40,000"
Toyota corolla bumper for sale,https://www.pakwheels.com/accessories-spare-parts/toyota-corolla-bumper-for-sale-8743550,"PKR 10,000"
Bmw e60 530i Bumpers,https://www.pakwheels.com/accessories-spare-parts/bmw-e60-530i-bumpers-8025297,PKR 1.5 lacs
